<Objs Version="1.1.0.1" xmlns="http://schemas.microsoft.com/powershell/2004/04">
  <Obj RefId="0">
    <TN RefId="0">
      <T>Microsoft.PowerShell.Commands.PSRepositoryItemInfo</T>
      <T>System.Management.Automation.PSCustomObject</T>
      <T>System.Object</T>
    </TN>
    <MS>
      <S N="Name">HP.ClientManagement</S>
      <Version N="Version">1.8.1</Version>
      <S N="Type">Module</S>
      <S N="Description">Device and BIOS management module for HP Client Management Script Library</S>
      <S N="Author">HP Development Company L.P.</S>
      <Obj N="CompanyName" RefId="1">
        <TN RefId="1">
          <T>System.Object[]</T>
          <T>System.Array</T>
          <T>System.Object</T>
        </TN>
        <LST>
          <S>txvalp</S>
          <S>hpcmsl</S>
        </LST>
      </Obj>
      <S N="Copyright">(C) Copyright 2018-2024 HP Development Company, L.P.</S>
      <DT N="PublishedDate">1900-01-01T00:00:00+01:00</DT>
      <Obj N="InstalledDate" RefId="2">
        <DT>2025-01-07T15:12:11.6791229+01:00</DT>
        <MS>
          <Obj N="DisplayHint" RefId="3">
            <TN RefId="2">
              <T>Microsoft.PowerShell.Commands.DisplayHintType</T>
              <T>System.Enum</T>
              <T>System.ValueType</T>
              <T>System.Object</T>
            </TN>
            <ToString>DateTime</ToString>
            <I32>2</I32>
          </Obj>
        </MS>
      </Obj>
      <Nil N="UpdatedDate" />
      <URI N="LicenseUri">https://developers.hp.com/node/11493</URI>
      <URI N="ProjectUri">https://developers.hp.com/clientmanagement</URI>
      <Nil N="IconUri" />
      <Obj N="Tags" RefId="4">
        <TNRef RefId="1" />
        <LST>
          <S>PSModule</S>
        </LST>
      </Obj>
      <Obj N="Includes" RefId="5">
        <TN RefId="3">
          <T>System.Collections.Hashtable</T>
          <T>System.Object</T>
        </TN>
        <DCT>
          <En>
            <S N="Key">Command</S>
            <Obj N="Value" RefId="6">
              <TNRef RefId="1" />
              <LST>
                <S>Clear-HPBIOSPowerOnPassword</S>
                <S>Clear-HPBIOSSetupPassword</S>
                <S>Get-HPBIOSAuthor</S>
                <S>Get-HPBIOSPowerOnPasswordIsSet</S>
                <S>Get-HPBIOSSetting</S>
                <S>Get-HPBIOSSettingsList</S>
                <S>Get-HPBIOSSettingValue</S>
                <S>Get-HPBIOSSetupPasswordIsSet</S>
                <S>Get-HPBIOSUpdates</S>
                <S>Get-HPBIOSUUID</S>
                <S>Get-HPBIOSVersion</S>
                <S>Get-HPDeviceAssetTag</S>
                <S>Get-HPDeviceBootInformation</S>
                <S>Get-HPDeviceDetails</S>
                <S>Get-HPDeviceManufacturer</S>
                <S>Get-HPDeviceModel</S>
                <S>Get-HPDevicePartNumber</S>
                <S>Get-HPDeviceProductID</S>
                <S>Get-HPDeviceSerialNumber</S>
                <S>Get-HPDeviceUptime</S>
                <S>Get-HPDeviceUUID</S>
                <S>Set-HPPrivateBIOSSettingValuePayload</S>
                <S>Set-HPBIOSPowerOnPassword</S>
                <S>Set-HPBIOSSettingDefaults</S>
                <S>Set-HPPrivateBIOSSettingDefaultsPayload</S>
                <S>Set-HPBIOSSettingValue</S>
                <S>Set-HPBIOSSettingValuesFromFile</S>
                <S>Set-HPBIOSSetupPassword</S>
                <S>Get-HPUEFIVariable</S>
                <S>Set-HPUEFIVariable</S>
                <S>Remove-HPUEFIVariable</S>
                <S>Get-HPBIOSWindowsUpdate</S>
                <S>Add-HPBIOSWindowsUpdateScripts</S>
                <S>Add-PSScriptsEntry</S>
                <S>Remove-PSScriptsEntry</S>
                <S>Get-HPCMSLEnvironment</S>
              </LST>
            </Obj>
          </En>
          <En>
            <S N="Key">RoleCapability</S>
            <Obj N="Value" RefId="7">
              <TNRef RefId="1" />
              <LST />
            </Obj>
          </En>
          <En>
            <S N="Key">Cmdlet</S>
            <Ref N="Value" RefId="7" />
          </En>
          <En>
            <S N="Key">Workflow</S>
            <Ref N="Value" RefId="7" />
          </En>
          <En>
            <S N="Key">Function</S>
            <Obj N="Value" RefId="8">
              <TNRef RefId="1" />
              <LST>
                <S>Clear-HPBIOSPowerOnPassword</S>
                <S>Clear-HPBIOSSetupPassword</S>
                <S>Get-HPBIOSAuthor</S>
                <S>Get-HPBIOSPowerOnPasswordIsSet</S>
                <S>Get-HPBIOSSetting</S>
                <S>Get-HPBIOSSettingsList</S>
                <S>Get-HPBIOSSettingValue</S>
                <S>Get-HPBIOSSetupPasswordIsSet</S>
                <S>Get-HPBIOSUpdates</S>
                <S>Get-HPBIOSUUID</S>
                <S>Get-HPBIOSVersion</S>
                <S>Get-HPDeviceAssetTag</S>
                <S>Get-HPDeviceBootInformation</S>
                <S>Get-HPDeviceDetails</S>
                <S>Get-HPDeviceManufacturer</S>
                <S>Get-HPDeviceModel</S>
                <S>Get-HPDevicePartNumber</S>
                <S>Get-HPDeviceProductID</S>
                <S>Get-HPDeviceSerialNumber</S>
                <S>Get-HPDeviceUptime</S>
                <S>Get-HPDeviceUUID</S>
                <S>Set-HPPrivateBIOSSettingValuePayload</S>
                <S>Set-HPBIOSPowerOnPassword</S>
                <S>Set-HPBIOSSettingDefaults</S>
                <S>Set-HPPrivateBIOSSettingDefaultsPayload</S>
                <S>Set-HPBIOSSettingValue</S>
                <S>Set-HPBIOSSettingValuesFromFile</S>
                <S>Set-HPBIOSSetupPassword</S>
                <S>Get-HPUEFIVariable</S>
                <S>Set-HPUEFIVariable</S>
                <S>Remove-HPUEFIVariable</S>
                <S>Get-HPBIOSWindowsUpdate</S>
                <S>Add-HPBIOSWindowsUpdateScripts</S>
                <S>Add-PSScriptsEntry</S>
                <S>Remove-PSScriptsEntry</S>
                <S>Get-HPCMSLEnvironment</S>
              </LST>
            </Obj>
          </En>
          <En>
            <S N="Key">DscResource</S>
            <Ref N="Value" RefId="7" />
          </En>
        </DCT>
      </Obj>
      <Version N="PowerShellGetFormatVersion">2.0</Version>
      <Nil N="ReleaseNotes" />
      <Obj N="Dependencies" RefId="9">
        <TNRef RefId="1" />
        <LST />
      </Obj>
      <S N="RepositorySourceLocation">https://www.powershellgallery.com/api/v2</S>
      <S N="Repository">PSGallery</S>
      <S N="PackageManagementProvider">NuGet</S>
      <Obj N="AdditionalMetadata" RefId="10">
        <TN RefId="4">
          <T>System.Management.Automation.PSCustomObject</T>
          <T>System.Object</T>
        </TN>
        <MS>
          <S N="copyright">(C) Copyright 2018-2024 HP Development Company, L.P.</S>
          <S N="description">Device and BIOS management module for HP Client Management Script Library</S>
          <S N="requireLicenseAcceptance">True</S>
          <S N="isLatestVersion">False</S>
          <S N="isAbsoluteLatestVersion">False</S>
          <S N="versionDownloadCount">2688134</S>
          <S N="downloadCount">113001466</S>
          <S N="packageSize">64216</S>
          <S N="published">01-01-1900 00:00:00 +01:00</S>
          <S N="created">10-12-2024 16:53:29 +01:00</S>
          <S N="lastEdited">10-12-2024 18:59:21 +01:00</S>
          <S N="lastUpdated">07-01-2025 14:10:00 +01:00</S>
          <S N="tags">PowerShellGetFormatVersion_2.0 PSModule PSFunction_Clear-HPBIOSPowerOnPassword PSCommand_Clear-HPBIOSPowerOnPassword PSFunction_Clear-HPBIOSSetupPassword PSCommand_Clear-HPBIOSSetupPassword PSFunction_Get-HPBIOSAuthor PSCommand_Get-HPBIOSAuthor PSFunction_Get-HPBIOSPowerOnPasswordIsSet PSCommand_Get-HPBIOSPowerOnPasswordIsSet PSFunction_Get-HPBIOSSetting PSCommand_Get-HPBIOSSetting PSFunction_Get-HPBIOSSettingsList PSCommand_Get-HPBIOSSettingsList PSFunction_Get-HPBIOSSettingValue PSCommand_Get-HPBIOSSettingValue PSFunction_Get-HPBIOSSetupPasswordIsSet PSCommand_Get-HPBIOSSetupPasswordIsSet PSFunction_Get-HPBIOSUpdates PSCommand_Get-HPBIOSUpdates PSFunction_Get-HPBIOSUUID PSCommand_Get-HPBIOSUUID PSFunction_Get-HPBIOSVersion PSCommand_Get-HPBIOSVersion PSFunction_Get-HPDeviceAssetTag PSCommand_Get-HPDeviceAssetTag PSFunction_Get-HPDeviceBootInformation PSCommand_Get-HPDeviceBootInformation PSFunction_Get-HPDeviceDetails PSCommand_Get-HPDeviceDetails PSFunction_Get-HPDeviceManufacturer PSCommand_Get-HPDeviceManufacturer PSFunction_Get-HPDeviceModel PSCommand_Get-HPDeviceModel PSFunction_Get-HPDevicePartNumber PSCommand_Get-HPDevicePartNumber PSFunction_Get-HPDeviceProductID PSCommand_Get-HPDeviceProductID PSFunction_Get-HPDeviceSerialNumber PSCommand_Get-HPDeviceSerialNumber PSFunction_Get-HPDeviceUptime PSCommand_Get-HPDeviceUptime PSFunction_Get-HPDeviceUUID PSCommand_Get-HPDeviceUUID PSFunction_Set-HPPrivateBIOSSettingValuePayload PSCommand_Set-HPPrivateBIOSSettingValuePayload PSFunction_Set-HPBIOSPowerOnPassword PSCommand_Set-HPBIOSPowerOnPassword PSFunction_Set-HPBIOSSettingDefaults PSCommand_Set-HPBIOSSettingDefaults PSFunction_Set-HPPrivateBIOSSettingDefaultsPayload PSCommand_Set-HPPrivateBIOSSettingDefaultsPayload PSFunction_Set-HPBIOSSettingValue PSCommand_Set-HPBIOSSettingValue PSFunction_Set-HPBIOSSettingValuesFromFile PSCommand_Set-HPBIOSSettingValuesFromFile PSFunction_Set-HPBIOSSetupPassword PSCommand_Set-HPBIOSSetupPassword PSFunction_Get-HPUEFIVariable PSCommand_Get-HPUEFIVariable PSFunction_Set-HPUEFIVariable PSCommand_Set-HPUEFIVariable PSFunction_Remove-HPUEFIVariable PSCommand_Remove-HPUEFIVariable PSFunction_Get-HPBIOSWindowsUpdate PSCommand_Get-HPBIOSWindowsUpdate PSFunction_Add-HPBIOSWindowsUpdateScripts PSCommand_Add-HPBIOSWindowsUpdateScripts PSFunction_Add-PSScriptsEntry PSCommand_Add-PSScriptsEntry PSFunction_Remove-PSScriptsEntry PSCommand_Remove-PSScriptsEntry PSFunction_Get-HPCMSLEnvironment PSCommand_Get-HPCMSLEnvironment PSIncludes_Function</S>
          <S N="developmentDependency">False</S>
          <S N="updated">2025-01-07T14:10:00Z</S>
          <S N="NormalizedVersion">1.8.1</S>
          <S N="Authors">HP Development Company L.P.</S>
          <S N="IsPrerelease">false</S>
          <S N="ItemType">Module</S>
          <S N="FileList">HP.ClientManagement.nuspec|HP.ClientManagement.psd1|HP.ClientManagement.psm1|HP.UEFI.psm1|license.txt</S>
          <S N="GUID">e5f40402-f5b0-42f9-b10b-28910aacdf5b</S>
          <S N="PowerShellVersion">5.1</S>
          <S N="CompanyName">HP Inc</S>
        </MS>
      </Obj>
      <S N="InstalledLocation">C:\Users\Administrator\Documents\PowerShell\Modules\HP.ClientManagement\1.8.1</S>
    </MS>
  </Obj>
</Objs>
